[
    {
        "Id": "6588e3f7b68f5044d34bc5c7535a4f61d5a7186697b2c827bb1956599b6ba7ab",
        "Created": "2021-05-26T01:54:53.063642754Z",
        "Path": "/usr/local/bin/entrypoint",
        "Args": [
            "/sbin/init"
        ],
        "State": {
            "Status": "running",
            "Running": true,
            "Paused": false,
            "Restarting": false,
            "OOMKilled": false,
            "Dead": false,
            "Pid": 2634,
            "ExitCode": 0,
            "Error": "",
            "StartedAt": "2021-05-26T01:54:57.450286161Z",
            "FinishedAt": "0001-01-01T00:00:00Z"
        },
        "Image": "sha256:9409976aad5df7c6016f1b4c1361330256f330787abfab2188f04da65bb54817",
        "ResolvConfPath": "/mnt/sda1/var/lib/docker/containers/6588e3f7b68f5044d34bc5c7535a4f61d5a7186697b2c827bb1956599b6ba7ab/resolv.conf",
        "HostnamePath": "/mnt/sda1/var/lib/docker/containers/6588e3f7b68f5044d34bc5c7535a4f61d5a7186697b2c827bb1956599b6ba7ab/hostname",
        "HostsPath": "/mnt/sda1/var/lib/docker/containers/6588e3f7b68f5044d34bc5c7535a4f61d5a7186697b2c827bb1956599b6ba7ab/hosts",
        "LogPath": "/mnt/sda1/var/lib/docker/containers/6588e3f7b68f5044d34bc5c7535a4f61d5a7186697b2c827bb1956599b6ba7ab/6588e3f7b68f5044d34bc5c7535a4f61d5a7186697b2c827bb1956599b6ba7ab-json.log",
        "Name": "/local-control-plane",
        "RestartCount": 0,
        "Driver": "overlay2",
        "Platform": "linux",
        "MountLabel": "",
        "ProcessLabel": "",
        "AppArmorProfile": "",
        "ExecIDs": null,
        "HostConfig": {
            "Binds": [
                "/lib/modules:/lib/modules:ro"
            ],
            "ContainerIDFile": "",
            "LogConfig": {
                "Type": "json-file",
                "Config": {}
            },
            "NetworkMode": "kind",
            "PortBindings": {
                "6443/tcp": [
                    {
                        "HostIp": "127.0.0.1",
                        "HostPort": "63087"
                    }
                ]
            },
            "RestartPolicy": {
                "Name": "on-failure",
                "MaximumRetryCount": 1
            },
            "AutoRemove": false,
            "VolumeDriver": "",
            "VolumesFrom": null,
            "CapAdd": null,
            "CapDrop": null,
            "Capabilities": null,
            "Dns": [],
            "DnsOptions": [],
            "DnsSearch": [],
            "ExtraHosts": null,
            "GroupAdd": null,
            "IpcMode": "shareable",
            "Cgroup": "",
            "Links": null,
            "OomScoreAdj": 0,
            "PidMode": "",
            "Privileged": true,
            "PublishAllPorts": false,
            "ReadonlyRootfs": false,
            "SecurityOpt": [
                "seccomp=unconfined",
                "apparmor=unconfined",
                "label=disable"
            ],
            "Tmpfs": {
                "/run": "",
                "/tmp": ""
            },
            "UTSMode": "",
            "UsernsMode": "",
            "ShmSize": 67108864,
            "Runtime": "runc",
            "ConsoleSize": [
                0,
                0
            ],
            "Isolation": "",
            "CpuShares": 0,
            "Memory": 0,
            "NanoCpus": 0,
            "CgroupParent": "",
            "BlkioWeight": 0,
            "BlkioWeightDevice": [],
            "BlkioDeviceReadBps": null,
            "BlkioDeviceWriteBps": null,
            "BlkioDeviceReadIOps": null,
            "BlkioDeviceWriteIOps": null,
            "CpuPeriod": 0,
            "CpuQuota": 0,
            "CpuRealtimePeriod": 0,
            "CpuRealtimeRuntime": 0,
            "CpusetCpus": "",
            "CpusetMems": "",
            "Devices": [],
            "DeviceCgroupRules": null,
            "DeviceRequests": null,
            "KernelMemory": 0,
            "KernelMemoryTCP": 0,
            "MemoryReservation": 0,
            "MemorySwap": 0,
            "MemorySwappiness": null,
            "OomKillDisable": false,
            "PidsLimit": null,
            "Ulimits": null,
            "CpuCount": 0,
            "CpuPercent": 0,
            "IOMaximumIOps": 0,
            "IOMaximumBandwidth": 0,
            "MaskedPaths": null,
            "ReadonlyPaths": null,
            "Init": false
        },
        "GraphDriver": {
            "Data": {
                "LowerDir": "/mnt/sda1/var/lib/docker/overlay2/bf7fd30738e1c68b811aa98d24eabe44c7f4b1e9c45d714162d219803bad1d11-init/diff:/mnt/sda1/var/lib/docker/overlay2/3270f56a7b7371364e4d07fdd17bee7bce1f43325a47d2e05a6287caff328990/diff:/mnt/sda1/var/lib/docker/overlay2/98e45c5e4c2c7e500dc3e352f597cf0deebf426e727b725a53e697990e87d112/diff:/mnt/sda1/var/lib/docker/overlay2/c7b3a2cbb97862b79c8ea2ca0c68aa58a9fca788c24f215b2cf4335316715f08/diff:/mnt/sda1/var/lib/docker/overlay2/e35562757e0f1cdd07c8a8fccaf090690815d78e00800454d14bc828d06f6350/diff:/mnt/sda1/var/lib/docker/overlay2/06bd8e4192c22f62742dca7bf8e78809d5c75e20e4ea8eb50948841c18defce4/diff:/mnt/sda1/var/lib/docker/overlay2/52f46411f244a143e93df5fb8d0d4082a52f6c71985a0f97ec55118625240dbb/diff:/mnt/sda1/var/lib/docker/overlay2/34d36fe88b1712e093594be601b62646b4dfca0ca5562905c78e714775973111/diff:/mnt/sda1/var/lib/docker/overlay2/cfcb9534ff2b015464132967a462f49fcf8784fb7d5ec827300bcd21a3ee2e85/diff:/mnt/sda1/var/lib/docker/overlay2/5a271027fea66254b4395ec3ee70b6e728d075e5df8dbde475a35662293092dd/diff:/mnt/sda1/var/lib/docker/overlay2/bb401db2cce4d3bf67872a9f4602a2c111cfcab0ab00d7905d66e09161e94a12/diff:/mnt/sda1/var/lib/docker/overlay2/bf5e1311a7ba8bddda3abd87a7c91c24ef02b1bd7c2ff089fa6d44304640288a/diff:/mnt/sda1/var/lib/docker/overlay2/c1f018ca13fc131057c8fb1a637aede16980847c18ebd1db920a5b0f1327ce3e/diff",
                "MergedDir": "/mnt/sda1/var/lib/docker/overlay2/bf7fd30738e1c68b811aa98d24eabe44c7f4b1e9c45d714162d219803bad1d11/merged",
                "UpperDir": "/mnt/sda1/var/lib/docker/overlay2/bf7fd30738e1c68b811aa98d24eabe44c7f4b1e9c45d714162d219803bad1d11/diff",
                "WorkDir": "/mnt/sda1/var/lib/docker/overlay2/bf7fd30738e1c68b811aa98d24eabe44c7f4b1e9c45d714162d219803bad1d11/work"
            },
            "Name": "overlay2"
        },
        "Mounts": [
            {
                "Type": "bind",
                "Source": "/lib/modules",
                "Destination": "/lib/modules",
                "Mode": "ro",
                "RW": false,
                "Propagation": "rprivate"
            },
            {
                "Type": "volume",
                "Name": "d3ec602669188d764b494d52d02d418e2e33d1495cb0d2b3394a634ce2992726",
                "Source": "/mnt/sda1/var/lib/docker/volumes/d3ec602669188d764b494d52d02d418e2e33d1495cb0d2b3394a634ce2992726/_data",
                "Destination": "/var",
                "Driver": "local",
                "Mode": "",
                "RW": true,
                "Propagation": ""
            }
        ],
        "Config": {
            "Hostname": "local-control-plane",
            "Domainname": "",
            "User": "",
            "AttachStdin": false,
            "AttachStdout": false,
            "AttachStderr": false,
            "ExposedPorts": {
                "6443/tcp": {}
            },
            "Tty": true,
            "OpenStdin": false,
            "StdinOnce": false,
            "Env": [
                "no_proxy=172.18.0.0/16,fc00:f853:ccd:e793::/64,192.168.99.100,10.96.0.0/16,10.244.0.0/16,local-control-plane,.svc,.svc.cluster,.svc.cluster.local",
                "NO_PROXY=172.18.0.0/16,fc00:f853:ccd:e793::/64,192.168.99.100,10.96.0.0/16,10.244.0.0/16,local-control-plane,.svc,.svc.cluster,.svc.cluster.local",
                "KUBECONFIG=/etc/kubernetes/admin.conf",
                "PATH=/usr/local/sbin:/usr/local/bin:/usr/sbin:/usr/bin:/sbin:/bin",
                "container=docker"
            ],
            "Cmd": null,
            "Image": "kindest/node:v1.20.7",
            "Volumes": {
                "/var": {}
            },
            "WorkingDir": "",
            "Entrypoint": [
                "/usr/local/bin/entrypoint",
                "/sbin/init"
            ],
            "OnBuild": null,
            "Labels": {
                "io.x-k8s.kind.cluster": "local",
                "io.x-k8s.kind.role": "control-plane"
            },
            "StopSignal": "SIGRTMIN+3"
        },
        "NetworkSettings": {
            "Bridge": "",
            "SandboxID": "cf08455829acf5c97a88cf3095146195d2f78622fb38715fc00597b48b3a77fe",
            "HairpinMode": false,
            "LinkLocalIPv6Address": "",
            "LinkLocalIPv6PrefixLen": 0,
            "Ports": {
                "6443/tcp": [
                    {
                        "HostIp": "127.0.0.1",
                        "HostPort": "63087"
                    }
                ]
            },
            "SandboxKey": "/var/run/docker/netns/cf08455829ac",
            "SecondaryIPAddresses": null,
            "SecondaryIPv6Addresses": null,
            "EndpointID": "",
            "Gateway": "",
            "GlobalIPv6Address": "",
            "GlobalIPv6PrefixLen": 0,
            "IPAddress": "",
            "IPPrefixLen": 0,
            "IPv6Gateway": "",
            "MacAddress": "",
            "Networks": {
                "kind": {
                    "IPAMConfig": null,
                    "Links": null,
                    "Aliases": [
                        "6588e3f7b68f"
                    ],
                    "NetworkID": "41359a2a67a10143ed4928fbadbea6eda2865e1e926be3aab51eb02198fc6eee",
                    "EndpointID": "7bc3e423c3512c8a7421a8353a14dc1ced5521c3a3ef6f3b679a03a3e1250174",
                    "Gateway": "172.18.0.1",
                    "IPAddress": "172.18.0.2",
                    "IPPrefixLen": 16,
                    "IPv6Gateway": "fc00:f853:ccd:e793::1",
                    "GlobalIPv6Address": "fc00:f853:ccd:e793::2",
                    "GlobalIPv6PrefixLen": 64,
                    "MacAddress": "02:42:ac:12:00:02",
                    "DriverOpts": null
                }
            }
        }
    }
]
